{"worldMapName":"Aed test 2","ARObjectList":[{"rotation":{"x":0.0,"y":0.991047739982605,"z":0.0,"w":0.13350816071033479},"position":{"x":-1.3712081909179688,"y":-1.2009450197219849,"z":2.432903289794922},"scale":{"x":1.2519532442092896,"y":2.0,"z":1.2519532442092896},"objectType":1},{"rotation":{"x":-2.9535522472201593e-8,"y":-0.13350814580917359,"z":-3.978852802788424e-9,"w":0.991047739982605},"position":{"x":-1.3109568357467652,"y":0.3765789270401001,"z":2.442945718765259},"scale":{"x":1.0,"y":1.0,"z":1.0},"objectType":0},{"rotation":{"x":0.0,"y":0.0,"z":0.0,"w":1.0},"position":{"x":-0.7290424704551697,"y":-1.2009450197219849,"z":0.8150531649589539},"scale":{"x":1.0,"y":1.0,"z":1.0},"objectType":2}],"sessionsRecorded":1,"victimCardiacArrestWaitTime":2}