{"worldMapName":"Ayataka","ARObjectList":[{"rotation":{"x":0.0,"y":0.9995591044425964,"z":0.0,"w":0.02969217486679554},"position":{"x":-0.07591822743415833,"y":-0.1344500035047531,"z":0.3564412593841553},"scale":{"x":1.1835848093032838,"y":2.0,"z":1.1835848093032838},"objectType":1},{"rotation":{"x":-2.978918089979743e-8,"y":-0.02969217300415039,"z":-8.848957122609136e-10,"w":0.9995591044425964},"position":{"x":-0.18853703141212464,"y":0.3781372010707855,"z":0.34381625056266787},"scale":{"x":1.0,"y":1.0,"z":1.0},"objectType":0}]}