{"worldMapName":"Event test","ARObjectList":[{"rotation":{"x":0.0,"y":0.0,"z":0.0,"w":1.0},"position":{"x":1.5754797458648682,"y":-1.1302963495254517,"z":0.8478926420211792},"scale":{"x":1.0,"y":1.0,"z":1.0},"objectType":2},{"rotation":{"x":0.0,"y":0.33742961287498476,"z":0.0,"w":0.9413507580757141},"position":{"x":0.3343741297721863,"y":-1.1302963495254517,"z":-0.9848178625106812},"scale":{"x":0.5359660387039185,"y":2.0,"z":0.5359660387039185},"objectType":1},{"rotation":{"x":0.0,"y":0.7724235653877258,"z":0.0,"w":0.6351078152656555},"position":{"x":0.1774519681930542,"y":-1.1302963495254517,"z":-0.5605695247650147},"scale":{"x":0.5177716016769409,"y":2.0,"z":0.5177716016769409},"objectType":1},{"rotation":{"x":1.005618877059078e-8,"y":0.9413507580757141,"z":2.8054442324787489e-8,"w":-0.3374296724796295},"position":{"x":0.3423224091529846,"y":0.5923935174942017,"z":-0.9878861308097839},"scale":{"x":1.0000001192092896,"y":1.0,"z":1.0000001192092896},"objectType":0}],"sessionsRecorded":8,"victimCardiacArrestWaitTime":3}