{"worldMapName":"Full event test 2","ARObjectList":[{"rotation":{"x":0.0,"y":0.739439845085144,"z":0.0,"w":-0.6732227206230164},"position":{"x":-1.1936017274856568,"y":-1.529956579208374,"z":0.8429226875305176},"scale":{"x":0.8610026240348816,"y":2.0,"z":0.8610026240348816},"objectType":1},{"rotation":{"x":0.0,"y":0.999950647354126,"z":0.0,"w":0.009938271716237069},"position":{"x":0.4997645616531372,"y":-1.530753254890442,"z":0.4471718668937683},"scale":{"x":3.306846857070923,"y":2.0,"z":3.306846857070923},"objectType":1},{"rotation":{"x":5.923662116380513e-10,"y":0.999950647354126,"z":-5.9601710233891939e-8,"w":0.0099382558837533},"position":{"x":1.7402324676513672,"y":0.17085647583007813,"z":0.4883691072463989},"scale":{"x":1.000000238418579,"y":1.0,"z":1.000000238418579},"objectType":0},{"rotation":{"x":0.0,"y":0.0,"z":0.0,"w":1.0},"position":{"x":-0.045287370681762698,"y":-1.5310511589050294,"z":1.345903992652893},"scale":{"x":1.0,"y":1.0,"z":1.0},"objectType":2}],"sessionsRecorded":5,"victimCardiacArrestWaitTime":2}