{"worldMapName":"Table test","ARObjectList":[{"rotation":{"x":0.7071068286895752,"y":0.0,"z":0.0,"w":0.7071068286895752},"position":{"x":-0.011505156755447388,"y":-0.23810945451259614,"z":0.2036249190568924},"scale":{"x":1.0,"y":1.000000238418579,"z":1.000000238418579},"objectType":0}],"sessionsRecorded":2,"victimCardiacArrestWaitTime":5}